first_name,last_name,gender,birthday,email,phone
Jonathon,Waelchi,female,1980-05-18,cesar@olson.com,457-474-9701 x8371
Eldon,Zieme,female,1989-12-04,johanna_rutherford@hermiston.biz,740.996.7669
Martin,Abshire,female,1975-08-02,cali@weinat.name,831.280.2668
Hillary,Daugherty,male,1960-08-08,pablo.kutch@emmerichkreiger.info,1-980-449-9148
Dustin,Schaden,male,1967-07-01,ignatius@handrohan.biz,748.905.7582
Odessa,Zboncak,female,1951-01-15,antonio@konopelski.info,1-759-013-3116 x83807
Llewellyn,Halvorson,female,1967-12-19,gennaro@walker.org,(764) 304-7076 x540
Demetrius,Hegmann,female,1975-06-17,bailey@zboncakhyatt.org,1-649-283-4844 x4639
Gunnar,Turner,female,1973-06-21,nichole@nolanswift.com,(444) 742-9346 x599
Hobart,Heller,male,1964-09-01,theresa@bayertremblay.info,885-576-3228 x819
Maxie,Heidenreich,female,1997-03-21,maxine@brakuslangosh.com,1-867-758-4160
Virginie,Hyatt,female,2004-02-21,gwendolyn@williamson.com,961-644-3917 x87295
Darren,Jakubowski,male,2004-04-08,kailee.okuneva@leannon.biz,(888) 449-4331 x5111
Tatyana,Wisozk,male,2004-10-17,chadrick.kuhlman@ruecker.org,1-146-182-9697
Ashleigh,Wolff,female,1950-05-24,erik@bednar.net,1-143-121-3423
Chadd,Kris,female,2000-06-10,sven@murazik.org,662.664.9061 x30497
Deborah,Hammes,female,1996-03-30,jamar@auer.org,454.079.1564
Johathan,Swaniawski,female,1979-09-01,esperanza.lebsack@koelpinrogahn.net,941-354-5791 x48739
Maryjane,Schowalter,female,1972-10-19,verner@shanahan.biz,1-257-891-7957
Carleton,Fay,female,1975-12-16,fabian@nikolaus.info,1-443-555-7221
Elinore,Nader,male,1960-10-18,marguerite_cormier@olson.com,100-012-4334 x954
Evangeline,Kutch,female,1979-11-29,ila.hintz@stracke.com,1-188-029-7249
Baron,Williamson,female,2003-07-23,kiara_okuneva@hoppe.com,107.441.8224 x588
Ivah,Monahan,male,1975-09-04,elouise_cartwright@douglas.com,(282) 151-3648
Vallie,Durgan,female,1997-08-15,claudia@thompson.com,1-225-836-8250 x982
Carter,Abernathy,female,1989-05-12,lilian@okeefe.com,1-204-385-7701 x26506
Carey,Hermiston,female,1953-06-27,elenor@stehrleannon.com,1-548-634-1176
Eula,Davis,female,1960-04-13,vito@yundt.com,993-622-1952 x264
Leanne,Koch,female,1974-03-25,shayna_lang@langmorar.biz,167-667-4544 x6657
Carolyn,Vandervort,female,1960-08-30,amalia@skilesdooley.net,459.617.8314
Dax,Kris,male,2005-02-25,reid.kautzer@leschcartwright.net,1-811-005-5845 x059
Merle,Schimmel,male,2004-11-07,kellen.volkman@blandakohler.biz,1-111-403-9114
Katarina,VonRueden,female,1980-05-21,kelsi.monahan@dachdonnelly.biz,251.705.5636 x266
Edgardo,Little,female,1997-07-03,jonas@sawaynhettinger.info,300.049.4476 x706
Vincent,Gibson,male,1974-03-24,gerry_rosenbaum@streich.com,270.421.9773 x21458
Agustin,Hartmann,male,1955-02-12,jaydon.reilly@hoppebaumbach.name,700-077-3782 x19324
Tianna,Schuster,female,1969-10-25,neoma@kuhn.org,1-984-928-6204
Anya,Thiel,male,1988-08-06,abigail@blanda.org,198-272-1968 x07565
Ariane,Pfannerstill,male,1950-05-02,aunta.harvey@oconnell.org,230.885.7479 x806
Loy,Stiedemann,female,1958-11-19,dashawn@hettinger.com,(352) 557-2880
Arely,Fritsch,female,1972-06-30,vivien@rath.name,(536) 246-7390 x822
Ima,Windler,male,1964-03-20,kitty@johns.org,(689) 322-4850 x0047
Amara,Rowe,male,1996-11-24,ashton_weimann@waters.net,989.115.5422
Mattie,Koelpin,female,1951-06-28,yeenia@dach.biz,250-032-6935
Alexie,Roberts,male,1992-11-01,isaias@brekke.biz,(787) 059-1711
Branson,White,female,1971-01-16,jarrell@dickinsonwitting.info,(763) 224-2041 x595
Jazmin,Reichel,male,1954-09-21,marcelo.cummings@dickenspouros.biz,(893) 511-0243 x2629
Ines,Moore,female,2001-11-14,brad_schoen@deckow.org,(961) 896-4106 x8918
Georgiana,Predovic,female,2001-01-14,kurt_lebsack@gleichner.com,401.689.8706 x748
Zander,Osinski,female,1984-12-09,wilson.shanahan@cummerata.name,897-122-4186 x9104
